{
  "model_type": "filterbank_fir",
  "bands": 8,
  "sample_rate": 22050,
  "created_at": "2026-05-30T20:53:57.312761+00:00",
  "models": [
    {
      "species": "Dusky_Antbird",
      "params": {
        "low_freq": 1800.0,
        "high_freq": 5000.0,
        "num_taps": 101,
        "type": "fir"
      },
      "profile_vector": [
        0.08849896490573883,
        0.1734447330236435,
        0.2367648184299469,
        0.14154712855815887,
        0.10029809921979904,
        0.08707686513662338,
        0.07953106611967087,
        0.0928385779261589
      ],
      "std_energy_vector": [
        0.12910452485084534,
        0.1909027248620987,
        0.2212996780872345,
        0.1417057067155838,
        0.1086440160870552,
        0.10458493232727051,
        0.10529971867799759,
        0.1311734914779663
      ]
    },
    {
      "species": "Olive-gray_Saltator",
      "params": {
        "low_freq": 1500.0,
        "high_freq": 6500.0,
        "num_taps": 101,
        "type": "fir"
      },
      "profile_vector": [
        0.17899973690509796,
        0.22579878568649292,
        0.17962646484375,
        0.12217731773853302,
        0.10953186452388763,
        0.08849963545799255,
        0.054555684328079224,
        0.04081064462661743
      ],
      "std_energy_vector": [
        0.14632228016853333,
        0.1378442794084549,
        0.13101305067539215,
        0.10712859779596329,
        0.11972662061452866,
        0.11641532182693481,
        0.0856589823961258,
        0.09501032531261444
      ]
    },
    {
      "species": "White-collared_Swift",
      "params": {
        "low_freq": 2500.0,
        "high_freq": 9000.0,
        "num_taps": 101,
        "type": "fir"
      },
      "profile_vector": [
        0.17672264575958252,
        0.2011018693447113,
        0.17943477630615234,
        0.14926224946975708,
        0.11229892075061798,
        0.08364887535572052,
        0.06479933112859726,
        0.032731518149375916
      ],
      "std_energy_vector": [
        0.18696554005146027,
        0.1461011916399002,
        0.14497892558574677,
        0.1489708125591278,
        0.1244320422410965,
        0.10353024303913116,
        0.09032277762889862,
        0.07679104804992676
      ]
    }
  ]
}