{
  "model_type": "filterbank_6",
  "kind": "filterbank_energy_thresholds",
  "bands": [
    [
      50.0,
      2708.3333333333335
    ],
    [
      2708.3333333333335,
      5366.666666666667
    ],
    [
      5366.666666666667,
      8025.0
    ],
    [
      8025.0,
      10683.333333333334
    ],
    [
      10683.333333333334,
      13341.666666666668
    ],
    [
      13341.666666666668,
      16000.0
    ]
  ],
  "feature_summary": {
    "band_count": 6
  },
  "species": [
    "Blue-gray_Tanager",
    "Mourning_Warbler",
    "Northern_Yellow_Warbler",
    "Sickle-winged_Guan",
    "Slaty_Spinetail",
    "Tropical_Parula"
  ],
  "species_profiles": [
    {
      "sample_count": 2958,
      "mean_energy_vector": [
        0.0005751742864958942,
        0.0015630385605618358,
        0.0013586734421551228,
        6.4823811953829136e-06,
        7.28592013110596e-12,
        2.9524098010130784e-12
      ],
      "std_energy_vector": [
        0.000940753030590713,
        0.001719916588626802,
        0.001679196022450924,
        2.7008865799871273e-05,
        3.1466045047334745e-11,
        3.261814917557976e-13
      ],
      "profile_vector": [
        0.2675967216491699,
        0.7271952033042908,
        0.6321154832839966,
        0.0030158928129822016,
        3.3897349371869723e-09,
        1.3735926840396928e-09
      ],
      "distance_mean": 0.5081283042698996,
      "distance_std": 0.2293466658543206,
      "rejection_threshold": 0.9668216359785409,
      "species_key": "Blue-gray_Tanager"
    },
    {
      "sample_count": 3035,
      "mean_energy_vector": [
        0.00014937217929400504,
        0.0019239508546888828,
        0.0006203730590641499,
        6.65496481815353e-05,
        3.0287355956559736e-10,
        3.023407696076119e-12
      ],
      "std_energy_vector": [
        0.00031394342659041286,
        0.0021111988462507725,
        0.001008391845971346,
        0.00023607602634001523,
        1.920338776884023e-09,
        3.602066561692041e-13
      ],
      "profile_vector": [
        0.0736512839794159,
        0.9486468434333801,
        0.3058887720108032,
        0.03281378746032715,
        1.4933856107290921e-07,
        1.4907585166312742e-09
      ],
      "distance_mean": 0.34981870316444624,
      "distance_std": 0.2877192157671525,
      "rejection_threshold": 0.9252571346987513,
      "species_key": "Mourning_Warbler"
    },
    {
      "sample_count": 3721,
      "mean_energy_vector": [
        9.418729405297199e-07,
        0.0015358900418505073,
        0.000840163032989949,
        8.813045860733837e-05,
        2.409037858086549e-09,
        3.156214439109517e-12
      ],
      "std_energy_vector": [
        2.523657030906179e-06,
        0.001621528877876699,
        0.0011773407459259033,
        0.0002138040872523561,
        9.832013425636887e-09,
        3.0884439428634225e-13
      ],
      "profile_vector": [
        0.0005373277817852795,
        0.8762078285217285,
        0.4793034493923187,
        0.05027742311358452,
        1.3743286899625673e-06,
        1.800584459310528e-09
      ],
      "distance_mean": 0.3523452693469586,
      "distance_std": 0.23897685068039418,
      "rejection_threshold": 0.8302989707077469,
      "species_key": "Northern_Yellow_Warbler"
    },
    {
      "sample_count": 3102,
      "mean_energy_vector": [
        0.004185912199318409,
        1.1186193660250865e-06,
        2.5027137480482242e-12,
        2.0677418111070267e-12,
        1.904112501352473e-12,
        1.8237789750630284e-12
      ],
      "std_energy_vector": [
        0.0040441034361720085,
        4.749316758534405e-06,
        5.257339160368024e-13,
        2.9007994465680975e-13,
        2.2187494083756448e-13,
        1.9443503068445472e-13
      ],
      "profile_vector": [
        0.9999998807907104,
        0.00026723428163677454,
        5.978896266967126e-10,
        4.93976359816628e-10,
        4.548858512087861e-10,
        4.356944527383888e-10
      ],
      "distance_mean": 0.004444758730247244,
      "distance_std": 0.06211770199790988,
      "rejection_threshold": 0.128680162726067,
      "species_key": "Sickle-winged_Guan"
    },
    {
      "sample_count": 2988,
      "mean_energy_vector": [
        0.0010664741275832057,
        0.001800093799829483,
        0.00010201889381278306,
        1.7304416580210535e-11,
        3.0485859062873155e-12,
        2.8461987541111844e-12
      ],
      "std_energy_vector": [
        0.0013783511240035295,
        0.0020872466266155243,
        0.000374808645574376,
        1.1929428278545373e-10,
        3.681854896919051e-13,
        5.850055682932176e-13
      ],
      "profile_vector": [
        0.5091097950935364,
        0.8593226671218872,
        0.04870143160223961,
        8.2607236606691e-09,
        1.4553235283543131e-09,
        1.3587087011046606e-09
      ],
      "distance_mean": 0.40178384652287713,
      "distance_std": 0.23662570301102331,
      "rejection_threshold": 0.8750352525449238,
      "species_key": "Slaty_Spinetail"
    },
    {
      "sample_count": 3078,
      "mean_energy_vector": [
        4.073157366946134e-09,
        0.0010856168810278177,
        0.0012084399349987507,
        0.00033945581526495516,
        1.3182058111738115e-08,
        3.169421973134301e-12
      ],
      "std_energy_vector": [
        1.0078292689286172e-07,
        0.0017606369219720364,
        0.001574777183122933,
        0.0009823805885389447,
        4.967532163391297e-08,
        1.6495361934015795e-12
      ],
      "profile_vector": [
        2.4543678591726348e-06,
        0.6541616320610046,
        0.7281712889671326,
        0.20454634726047516,
        7.943130185594782e-06,
        1.9098027603803303e-09
      ],
      "distance_mean": 0.5306799541363073,
      "distance_std": 0.247475396740764,
      "rejection_threshold": 1.0256307476178352,
      "species_key": "Tropical_Parula"
    }
  ]
}