{
  "model_type": "filterbank_6",
  "kind": "filterbank_energy_thresholds",
  "bands": [
    [
      50.0,
      2708.3333333333335
    ],
    [
      2708.3333333333335,
      5366.666666666667
    ],
    [
      5366.666666666667,
      8025.0
    ],
    [
      8025.0,
      10683.333333333334
    ],
    [
      10683.333333333334,
      13341.666666666668
    ],
    [
      13341.666666666668,
      16000.0
    ]
  ],
  "feature_summary": {
    "band_count": 6
  },
  "species": [
    "Blue-gray_Tanager",
    "Mourning_Warbler",
    "Northern_Yellow_Warbler",
    "Sickle-winged_Guan",
    "Slaty_Spinetail",
    "Tropical_Parula"
  ],
  "species_profiles": [
    {
      "sample_count": 2958,
      "mean_energy_vector": [
        0.00041791435796767473,
        5.2445226174313575e-05,
        0.00010623414709698409,
        2.6884692488238215e-05,
        1.9002410454049823e-06,
        2.3999214135983493e-06
      ],
      "std_energy_vector": [
        0.0008484937134198844,
        0.00013544892135541886,
        0.0003039857547264546,
        0.00010898640903178602,
        1.4094984180701431e-05,
        2.5120802092715167e-05
      ],
      "profile_vector": [
        0.9602260589599609,
        0.12050142139196396,
        0.24409019947052002,
        0.0617719441652298,
        0.004366112407296896,
        0.005514209158718586
      ],
      "distance_mean": 0.4867434246412669,
      "distance_std": 0.37346016069802346,
      "rejection_threshold": 1.2336637460373139,
      "species_key": "Blue-gray_Tanager"
    },
    {
      "sample_count": 3035,
      "mean_energy_vector": [
        0.000552379060536623,
        8.585314935771748e-05,
        3.39319885824807e-05,
        7.2002826527750585e-06,
        1.333663021796383e-06,
        1.2062258747391752e-06
      ],
      "std_energy_vector": [
        0.0010390233946964145,
        0.0002631258685141802,
        0.00016906153177842498,
        5.4019787057768553e-05,
        7.63342177378945e-06,
        7.393576652248157e-06
      ],
      "profile_vector": [
        0.986234188079834,
        0.15328480303287506,
        0.060583192855119705,
        0.012855601496994495,
        0.002381162019446492,
        0.0021536319982260466
      ],
      "distance_mean": 0.35732065121101636,
      "distance_std": 0.38760790087988245,
      "rejection_threshold": 1.1325364529707813,
      "species_key": "Mourning_Warbler"
    },
    {
      "sample_count": 3721,
      "mean_energy_vector": [
        0.0003479630977381021,
        4.24442405346781e-05,
        6.303140980890021e-05,
        2.632576070027426e-06,
        6.633259772570455e-07,
        6.886365895297786e-07
      ],
      "std_energy_vector": [
        0.000958031218033284,
        0.00015278563660103828,
        0.00038389055407606065,
        2.1308180293999612e-05,
        4.883032033831114e-06,
        5.348334070731653e-06
      ],
      "profile_vector": [
        0.9769441485404968,
        0.11916681379079819,
        0.1769675314426422,
        0.007391243241727352,
        0.0018623596988618374,
        0.001933421939611435
      ],
      "distance_mean": 0.35847803714087706,
      "distance_std": 0.3289618416317702,
      "rejection_threshold": 1.0164017204044176,
      "species_key": "Northern_Yellow_Warbler"
    },
    {
      "sample_count": 3102,
      "mean_energy_vector": [
        0.00032544528949074447,
        4.978599099558778e-05,
        1.2280352166271769e-05,
        1.1673413382595754e-06,
        4.4141148691778653e-07,
        3.031358062344225e-07
      ],
      "std_energy_vector": [
        0.0018138018203899264,
        0.00018649311095941812,
        9.902165766106918e-05,
        6.0959923757764045e-06,
        1.5098529502211022e-06,
        1.1597724096645834e-06
      ],
      "profile_vector": [
        0.9878058433532715,
        0.1511126309633255,
        0.037273865193128586,
        0.003543165745213628,
        0.001339791575446725,
        0.0009200911154039204
      ],
      "distance_mean": 0.34797336567096593,
      "distance_std": 0.37331159101906863,
      "rejection_threshold": 1.094596547709103,
      "species_key": "Sickle-winged_Guan"
    },
    {
      "sample_count": 2988,
      "mean_energy_vector": [
        0.000152979715494439,
        5.02414841321297e-05,
        3.477449354249984e-05,
        5.1024048843828496e-06,
        6.862132977403235e-07,
        1.0373188388257404e-06
      ],
      "std_energy_vector": [
        0.0004174893256276846,
        0.00015005671593826264,
        0.00013392054825089872,
        3.502221079543233e-05,
        3.3948306281672558e-06,
        6.30096565146232e-06
      ],
      "profile_vector": [
        0.9281928539276123,
        0.3048363924026489,
        0.21099160611629486,
        0.030958455055952072,
        0.0041635469533503056,
        0.0062938532792031765
      ],
      "distance_mean": 0.48803214425996566,
      "distance_std": 0.3124960315171375,
      "rejection_threshold": 1.1130242072942407,
      "species_key": "Slaty_Spinetail"
    },
    {
      "sample_count": 3078,
      "mean_energy_vector": [
        0.00024580946774221957,
        3.0834064091322944e-05,
        9.843476436799392e-05,
        2.729108018684201e-05,
        1.0415197948532295e-06,
        1.5726319588793558e-06
      ],
      "std_energy_vector": [
        0.0006484194309450686,
        0.00011184278264408931,
        0.000463555013993755,
        0.0004133275942876935,
        6.897289949847618e-06,
        1.4891650607751217e-05
      ],
      "profile_vector": [
        0.9172838926315308,
        0.11506306380033493,
        0.3673276901245117,
        0.1018417552113533,
        0.0038866254035383463,
        0.005868569482117891
      ],
      "distance_mean": 0.6037090272485939,
      "distance_std": 0.3402944544349832,
      "rejection_threshold": 1.2842979361185602,
      "species_key": "Tropical_Parula"
    }
  ]
}