{
  "kind": "butterworth_collection",
  "model_type": "filterbank_butterworth",
  "bands": 8,
  "sample_rate": 22050,
  "created_at": "2026-06-02T22:31:31.119534+00:00",
  "models": [
    {
      "species": "Dusky_Antbird",
      "params": {
        "frecuencia_de_muestreo_hz": 22050,
        "frecuencia_de_corte_baja_hz": 1800.0,
        "frecuencia_de_corte_alta_hz": 5000.0,
        "numero_de_bandas": 8,
        "ancho_de_banda_total_hz": 3200.0,
        "ancho_de_banda_por_banda_hz": 400.0,
        "teorema_nyquist_hz": 11025.0,
        "bajo_nyquist": true,
        "alto_dentro_nyquist": true,
        "order": 4,
        "type": "butterworth"
      },
      "profile_vector": [
        0.08565592020750046,
        0.17566245794296265,
        0.24153964221477509,
        0.14616408944129944,
        0.1064562276005745,
        0.09341048449277878,
        0.0782121866941452,
        0.07289888709783554
      ],
      "std_energy_vector": [
        0.1259228140115738,
        0.19071564078330994,
        0.22023072838783264,
        0.1419747769832611,
        0.11242198944091797,
        0.1107374057173729,
        0.10507084429264069,
        0.10958833992481232
      ]
    },
    {
      "species": "White-collared_Swift",
      "params": {
        "frecuencia_de_muestreo_hz": 22050,
        "frecuencia_de_corte_baja_hz": 2500.0,
        "frecuencia_de_corte_alta_hz": 9000.0,
        "numero_de_bandas": 8,
        "ancho_de_banda_total_hz": 6500.0,
        "ancho_de_banda_por_banda_hz": 812.5,
        "teorema_nyquist_hz": 11025.0,
        "bajo_nyquist": true,
        "alto_dentro_nyquist": true,
        "order": 4,
        "type": "butterworth"
      },
      "profile_vector": [
        0.14141345024108887,
        0.20182931423187256,
        0.18691915273666382,
        0.16040845215320587,
        0.1214153915643692,
        0.08869124203920364,
        0.06812159717082977,
        0.031201185658574104
      ],
      "std_energy_vector": [
        0.16373060643672943,
        0.15185487270355225,
        0.14456871151924133,
        0.15233533084392548,
        0.12847797572612762,
        0.10681698471307755,
        0.09469866752624512,
        0.07331538200378418
      ]
    },
    {
      "species": "Gray-cowled_Wood-Rail",
      "params": {
        "frecuencia_de_muestreo_hz": 22050,
        "frecuencia_de_corte_baja_hz": 500.0,
        "frecuencia_de_corte_alta_hz": 3000.0,
        "numero_de_bandas": 8,
        "ancho_de_banda_total_hz": 2500.0,
        "ancho_de_banda_por_banda_hz": 312.5,
        "teorema_nyquist_hz": 11025.0,
        "bajo_nyquist": true,
        "alto_dentro_nyquist": true,
        "order": 4,
        "type": "butterworth"
      },
      "profile_vector": [
        0.11153706163167953,
        0.20036843419075012,
        0.2827201187610626,
        0.23470015823841095,
        0.08753018826246262,
        0.038569722324609756,
        0.027894573286175728,
        0.016680043190717697
      ],
      "std_energy_vector": [
        0.13829642534255981,
        0.16684672236442566,
        0.18959195911884308,
        0.16015541553497314,
        0.09485934674739838,
        0.06766059994697571,
        0.06018988788127899,
        0.04336299002170563
      ]
    }
  ]
}