{
  "model_type": "filterbank_6",
  "kind": "filterbank_energy_thresholds",
  "bands": [
    [
      50.0,
      2708.3333333333335
    ],
    [
      2708.3333333333335,
      5366.666666666667
    ],
    [
      5366.666666666667,
      8025.0
    ],
    [
      8025.0,
      10683.333333333334
    ],
    [
      10683.333333333334,
      13341.666666666668
    ],
    [
      13341.666666666668,
      16000.0
    ]
  ],
  "feature_summary": {
    "band_count": 6
  },
  "species": [
    "Blue-gray_Tanager",
    "Mourning_Warbler",
    "Northern_Yellow_Warbler",
    "Sickle-winged_Guan",
    "Slaty_Spinetail"
  ],
  "species_profiles": [
    {
      "sample_count": 2958,
      "mean_energy_vector": [
        0.0005223327316343784,
        0.0015461352886632085,
        0.0013762559974566102,
        3.282047160088619e-12,
        3.029207527177613e-12,
        2.9639886465343546e-12
      ],
      "std_energy_vector": [
        0.0008628654177300632,
        0.0017251180252060294,
        0.0016797049902379513,
        6.48732315696593e-13,
        2.9769990726041806e-13,
        3.2157487935523255e-13
      ],
      "profile_vector": [
        0.2446732372045517,
        0.7242469787597656,
        0.6446714401245117,
        1.5373898820669751e-09,
        1.4189537322906176e-09,
        1.3884036142997047e-09
      ],
      "distance_mean": 0.5049403465864267,
      "distance_std": 0.22885159598448934,
      "rejection_threshold": 0.9626435385554054,
      "species_key": "Blue-gray_Tanager"
    },
    {
      "sample_count": 3035,
      "mean_energy_vector": [
        9.569848771207035e-05,
        0.0019548379350453615,
        0.000634568918030709,
        7.174974598456174e-05,
        3.1858376613874695e-12,
        3.0199330449537376e-12
      ],
      "std_energy_vector": [
        0.00021470525825861841,
        0.0021421597339212894,
        0.0010229122126474977,
        0.00023973164206836373,
        3.798571700242004e-13,
        3.614879934017018e-13
      ],
      "profile_vector": [
        0.04648420214653015,
        0.9495351910591125,
        0.30823299288749695,
        0.03485143557190895,
        1.5474761472233922e-09,
        1.4668902759140678e-09
      ],
      "distance_mean": 0.3437245564599701,
      "distance_std": 0.28958266612699485,
      "rejection_threshold": 0.9228898887139598,
      "species_key": "Mourning_Warbler"
    },
    {
      "sample_count": 3721,
      "mean_energy_vector": [
        1.829463837366152e-11,
        0.0015184894436970353,
        0.0008404743275605142,
        0.00010427079541841522,
        3.187399563037152e-12,
        3.121276240941606e-12
      ],
      "std_energy_vector": [
        4.476351789239885e-10,
        0.001605768222361803,
        0.0011731779668480158,
        0.0002497182576917112,
        3.3925022079744904e-13,
        2.648321557711941e-13
      ],
      "profile_vector": [
        1.0522017923619842e-08,
        0.873347282409668,
        0.48339223861694336,
        0.05997053161263466,
        1.8332079187999284e-09,
        1.795177562158301e-09
      ],
      "distance_mean": 0.3570958537262837,
      "distance_std": 0.23931063279386317,
      "rejection_threshold": 0.83571711931401,
      "species_key": "Northern_Yellow_Warbler"
    },
    {
      "sample_count": 3102,
      "mean_energy_vector": [
        0.004094677045941353,
        4.2671196437416015e-12,
        2.4741703911340673e-12,
        2.06327554867769e-12,
        1.898807283282067e-12,
        1.8204760615647686e-12
      ],
      "std_energy_vector": [
        0.0038410858251154423,
        1.7857411729882422e-11,
        4.935254136785583e-13,
        2.92830348727971e-13,
        2.2329426990156526e-13,
        1.9552506044361734e-13
      ],
      "profile_vector": [
        1.0,
        1.0421138396665697e-09,
        6.042406575090808e-10,
        5.038921502276139e-10,
        4.63725779997759e-10,
        4.4459574910504784e-10
      ],
      "distance_mean": 0.0038684858604995276,
      "distance_std": 0.06207662016244493,
      "rejection_threshold": 0.1280217261853894,
      "species_key": "Sickle-winged_Guan"
    },
    {
      "sample_count": 424,
      "mean_energy_vector": [
        0.000852993514854461,
        0.001844622427597642,
        1.4024028587300563e-06,
        3.285487116741481e-12,
        3.1488867503065565e-12,
        2.8597050942547053e-12
      ],
      "std_energy_vector": [
        0.0014817733317613602,
        0.0023948848247528076,
        7.952647138154134e-06,
        3.9133743446294333e-13,
        3.7118439290100003e-13,
        6.477632015847168e-13
      ],
      "profile_vector": [
        0.4197188913822174,
        0.9076538681983948,
        0.000690057931933552,
        1.616637157475509e-09,
        1.5494223681855601e-09,
        1.4071294129891498e-09
      ],
      "distance_mean": 0.3704188826877211,
      "distance_std": 0.26207592473322905,
      "rejection_threshold": 0.8945707321541791,
      "species_key": "Slaty_Spinetail"
    }
  ]
}