{
  "model_type": "filterbank_butterworth",
  "bands": 8,
  "sample_rate": 22050,
  "created_at": "2026-05-30T20:47:43.457487+00:00",
  "models": [
    {
      "species": "Dusky_Antbird",
      "params": {
        "low_freq": 1800.0,
        "high_freq": 5000.0,
        "order": 4,
        "type": "butterworth"
      },
      "profile_vector": [
        0.08662313967943192,
        0.1774844378232956,
        0.24278366565704346,
        0.14638441801071167,
        0.10551128536462784,
        0.09164115786552429,
        0.07714997231960297,
        0.0724218338727951
      ],
      "std_energy_vector": [
        0.1270294338464737,
        0.1926429718732834,
        0.2217474728822708,
        0.1428903490304947,
        0.11248327791690826,
        0.1091793105006218,
        0.10504292696714401,
        0.10957614332437515
      ]
    },
    {
      "species": "Olive-gray_Saltator",
      "params": {
        "low_freq": 1500.0,
        "high_freq": 6500.0,
        "order": 4,
        "type": "butterworth"
      },
      "profile_vector": [
        0.168631449341774,
        0.2321435660123825,
        0.18479183316230774,
        0.12583450973033905,
        0.11263836175203323,
        0.09146103262901306,
        0.05401105806231499,
        0.030488109216094017
      ],
      "std_energy_vector": [
        0.13897153735160828,
        0.13938184082508087,
        0.1318654716014862,
        0.10833480954170227,
        0.12128408253192902,
        0.11920243501663208,
        0.08715040981769562,
        0.07870575040578842
      ]
    },
    {
      "species": "White-collared_Swift",
      "params": {
        "low_freq": 2500.0,
        "high_freq": 9000.0,
        "order": 4,
        "type": "butterworth"
      },
      "profile_vector": [
        0.15258058905601501,
        0.20926666259765625,
        0.18605177104473114,
        0.15368393063545227,
        0.11586126685142517,
        0.08644372969865799,
        0.06686054170131683,
        0.02925131283700466
      ],
      "std_energy_vector": [
        0.1691463142633438,
        0.15218226611614227,
        0.14621873199939728,
        0.14983315765857697,
        0.12620455026626587,
        0.10492195934057236,
        0.09250526130199432,
        0.070250004529953
      ]
    }
  ]
}